{"timestamps": [1580221634.038713, 1580221697.144964, 1580221833.602753], "initial_reset_timestamp": 1580221581.951327, "episode_types": ["t", "t", "t", "t"], "episode_lengths": [242, 58, 351], "episode_rewards": [381.0, -71.0, 618.0]}