{"timestamps": [1580221442.312698, 1580221468.208072], "initial_reset_timestamp": 1580221429.299991, "episode_types": ["t", "t", "t"], "episode_lengths": [54, 61], "episode_rewards": [-59.0, -52.0]}